"Browser JS App GitHub Repo URL","status","agent_loop","aipipe_tool","bootstrap_alert_errors","conversation_ui_clarity","error_handling","extras_without_bloat","google_search_tool","js_exec_sandboxed","model_picker_bootstrap_llm_provider","openai_tool_calls","readability","security_hygiene","separation_of_concerns","simplicity","streaming_or_updates","useful_affordances"
"https://github.com/ArnavLabh/LLM-Agent-POC","ok",0.2,0.15,0,0.1,0.1,0.05,0.05,0,0,0.2,0.1,0.05,0.1,0.05,0.1,0.1
"https://github.com/23f2000792/llm_agent","ok",0.2,0.15,0.1,0.1,0.1,0.05,0,0.2,0,0.2,0.1,0,0.1,0.15,0.1,0.1
"https://github.com/24f2007837/llm-agent-poc.git","ok",0.2,0.15,0.1,0.1,0.1,0.05,0.15,0,0,0.2,0.1,0.05,0.1,0.15,0.1,0.1
"https://github.com/Krasper707/browser-llm-agent-poc","ok",0.2,0.15,0.1,0.1,0.1,0.05,0.15,0,0.12,0.18,0.08,0.05,0.1,0.12,0.1,0.1
"https://github.com/PythonicVarun/LLM-Agent-POC","ok",0.2,0.15,0.1,0.1,0.08,0.05,0.15,0.2,0,0.2,0.08,0.04,0.05,0.12,0.1,0.1
"https://github.com/DivyaDarshiniS/Reasoning-Agent-POC","ok",0.2,0.15,0.1,0.1,0.1,0.05,0.15,0.2,0,0.2,0.1,0.05,0.1,0.15,0.1,0.1
"https://claretroselinepriya.github.io/LLMAgentPOC/","invalid_url",,,,,,,,,,,,,,,,
"https://24ds1000034.github.io/TDS_Bonus_AgentFlow/","invalid_url",,,,,,,,,,,,,,,,
"https://24f2009046.github.io/tds-llm-agent/","invalid_url",,,,,,,,,,,,,,,,
"https://github.com/vraghavans1/llm-agent-poc","ok",0.2,0.15,0.1,0.1,0.1,0.05,0.15,0.2,0,0.2,0.1,0.05,0.1,0.15,0.1,0.1
"https://github.com/vraghavans1/llm-agent-poc","ok",0.2,0.15,0.1,0.1,0.1,0.05,0.15,0.2,0,0.2,0.1,0.05,0.1,0.15,0.1,0.1
"https://github.com/ishaanseth/llm-agent-poc","ok",0,0,0,0.1,0,0,0,0,0,0,0,0,0,0,0,0
"https://github.com/21f3000697/LLM-Agent-POC","ok",0.2,0.08,0.1,0.1,0.1,0.03,0.15,0,0,0.2,0.1,0.03,0.1,0.15,0.1,0
"https://github.com/21f3000697/LLM-Agent-POC","ok",0.2,0.08,0.1,0.1,0.1,0.03,0.15,0,0,0.2,0.1,0.03,0.1,0.15,0.1,0
"NA","invalid_url",,,,,,,,,,,,,,,,
"https://llmagent-n99bpatmpooekmwpqdqyej.streamlit.app/","invalid_url",,,,,,,,,,,,,,,,
"https://github.com/22f1000455/aiagent","ok",0.2,0.08,,,,,0.15,0,,0.1,,,,,0.1,
"https://github.com/shreyasaxena21/llm-agent","ok",0.2,0.08,0.1,0.1,0.1,0.05,0.15,0.1,0,0.2,0.1,0.02,0.07,0.15,0.1,0.08
"https://github.com/Krishnaagg/tds-bonus-llm-agent","ok",0.2,0.15,0.1,0.1,0.1,0.05,0.15,0,0,0.2,0.1,0.02,0.05,0.15,0.1,0.08
"https://22f1000455.github.io/llmagent/","invalid_url",,,,,,,,,,,,,,,,
"na","invalid_url",,,,,,,,,,,,,,,,
"https://github.com/AJAY-IITMDS-28/llm-agent-poc","ok",0.2,0.15,0.1,0.1,0.1,0.02,0.15,0.1,0,0.2,0.1,0.03,0.05,0.15,0.1,0.05
"https://github.com/23f1002155/LLM-Agent-POC","ok",0.2,0.15,0.1,0.1,0.1,0.05,0.15,0.2,0,0.15,0.1,0.04,0.05,0.15,0.1,0.05
"https://github.com/24ds1000034/TDS_Bonus_llm-agent-poc","ok",0.2,0.15,0.1,0.1,0.1,0.05,0.15,0.2,0,0.2,0.1,0.05,0.05,0.15,0.1,0.08
"https://github.com/abhinaviitm33/TDS_LLM_Agent","ok",0.2,0.15,0,0.1,0.08,0.05,0.04,0.05,0,0.1,0.09,0.03,0.05,0.12,0.1,0.1
"https://github.com/anantsathe/tds-bonus-project-LLM-Agent","ok",0.2,0.15,,,,,0.04,0,,0.1,,,,,0.1,
"na","invalid_url",,,,,,,,,,,,,,,,
"NA","invalid_url",,,,,,,,,,,,,,,,
"https://github.com/harshBoii/Browser_agent","ok",0.2,0,0,0.1,0.1,0.03,0.04,0.1,0,0.2,0.1,0.03,0.1,0.15,0.1,0.05
"https://github.com/AtriGehlot23f/LLM-agent-POC","ok",0.2,0.15,0.1,0.1,0.1,0.04,0.15,0,0,0.2,0.1,0.02,0.07,0.15,0.05,0.05
"https://github.com/sumitsingh105/LLM_Agent_POC","ok",0.1,0.15,0.1,0.1,0.1,0.04,0.15,0,0,0.2,0.1,0.02,0.05,0.15,0.1,0.07
"https://github.com/Karvy-Singh/LLM-POC","ok",0.2,0.15,0.1,0.1,0.1,0.05,0.15,0.2,0.15,0.2,0.1,0.05,0.1,0.15,0.1,0.05
"https://llm-agent-n49mjt06q-gouravrustagis-projects.vercel.app/","invalid_url",,,,,,,,,,,,,,,,
"https://github.com/dharani06-hub/tds_llm","ok",0.2,0.08,0.1,0.1,0.1,0.04,0.15,0,0,0.2,0.1,0.02,0.05,0.15,0.1,0.08
"https://github.com/AMRUTANSHU-SAHOO/llm-agent-poc.git","ok",0.2,0.15,0,0.1,0.05,0.03,0.15,0.1,0,0.2,0.1,0.03,0.05,0.15,0.1,0.05
"https://github.com/anantsathe/tds-bonus-project-LLM-Agent","ok",0.2,0.15,,,,,0.04,0,,0.1,,,,,0.1,
"https://github.com/apariitmadras/tds-llm-agent-poc","ok",0.2,0.15,0.1,0.1,0.1,0.05,0.15,0.2,0,0.2,0.1,0.05,0.08,0.15,0.1,0.05
"https://github.com/22f1001519/TDS_LLM_Agent","ok",0.2,0.08,,,,,0.04,0.1,,0.1,,,,,0.05,
"https://github.com/apariitmadras/tds-llm-agent-poc","ok",0.2,0.15,0.1,0.1,0.1,0.05,0.15,0.2,0,0.2,0.1,0.05,0.08,0.15,0.1,0.05
"https://github.com/reneenor13/LLM-Agent-Proof-of-Concept","ok",0.2,0.15,0.1,0.1,0.07,0.05,0.15,0.1,0,0.2,0.1,0.02,0.06,0.15,0.1,0.05
"https://browser-llm-agent.onrender.com","invalid_url",,,,,,,,,,,,,,,,
"https://github.com/OmAmar106/LLM-Agent-Browser-Based-Multi-Tool-Reasoning","ok",0.1,0.15,0,0.1,0.08,0.04,0.15,0.1,0.05,0.1,0.09,0.04,0.1,0.12,0.1,0.07
"https://github.com/23f1000793/TDS-LLM-Agent","ok",0.2,0.15,0,0.1,0.1,0.05,0.08,0,0,0.1,0.1,0.03,0.05,0.15,0.1,0.1
"https://github.com/Smriti241102/llm-agent-poc","ok",0.1,0.08,0.1,0.1,0.1,0.03,0.15,0,0,0.2,0.1,0,0.05,0.15,0.05,0.05
"https://github.com/23f3004103/llm_agent","ok",0.2,0.08,0.05,0.1,0.1,0.05,0.1,0.1,0.08,0.1,0.1,0.02,0.05,0.15,0.1,0.05
"https://github.com/namasteyji2003/tds_llm_1","ok",0,0.08,0,0.1,0.1,0.03,0,0,0,0,0.1,0.05,0.1,0.15,0.05,0.05
"https://github.com/23f3004103/llm_agent","ok",0.2,0.08,0.05,0.1,0.1,0.05,0.1,0.1,0.08,0.1,0.1,0.02,0.05,0.15,0.1,0.05
"https://github.com/21f3000671/llm-agent","ok",0.2,0.15,,,,,0.15,0.2,,0.2,,,,,0.1,
"https://github.com/Sreenija-19/llm-agent-poc?utm_source=chatgpt.com","ok",0.1,0.15,0.1,0.1,0.09,0.02,0.15,0,0,0,0.09,0.02,0.05,0.15,0,0
"https://github.com/23f2003874/LLM_Agent","ok",0.2,0.15,0.1,0.1,0.1,0.05,0.15,0.2,0,0.2,0.1,0.05,0.1,0.15,0.1,0.08
"https://github.com/23f3002391/LLM-Agent-Proof-of-Concept-POC-Browser-Based-Multi-Tool-Reasoning","ok",0.1,0.15,0.1,0.1,0.1,0.05,0.15,0,0,0,0.1,0.01,0.05,0.15,0.1,0.07
"https://github.com/SiddhanthMuragundi/LLM-Agent-Proof-of-Concept-POC-Browser-Based-Multi-Tool-Reasoning","ok",0.2,0.15,0.1,0.1,0.1,0.05,0.15,0.2,0,0.2,0.1,0.05,0.08,0.12,0.1,0.08
"https://github.com/23f3003877/POC","ok",0.2,0.15,0.1,0.1,0.09,0.04,0.15,0.1,0,0.2,0.1,0.04,0.05,0.12,0.05,0.07
"https://github.com/soumik2005147/LLM-POC","ok",0.2,0.15,0.1,0.1,0.1,0.03,0.15,0,0,0.2,0.1,0.02,0.05,0.1,0.05,0.05
"https://github.com/iitanish/llm-agent-browser-js","ok",0.2,0.15,0.1,0.1,0.1,0.05,0.15,0.2,0,0.2,0.1,0.03,0.08,0.15,0.1,0.1
"https://github.com/22f3002587/LLM-Agent.git","ok",0.2,0.15,0.1,0.1,0.1,0.05,0.15,0.2,0,0.2,0.1,0.05,0.1,0.15,0.1,0.05
"https://github.com/23f3000511/llmbonus","ok",0.1,0.15,0.1,0.1,0.1,0.05,0.15,0.1,0,0.2,0.09,0.03,0.06,0.15,0.05,0.1
"https://github.com/Janani-6874/LLM-Agent-bonus-tds","ok",0,0,0,0.1,0.05,0.03,0,0,0,0,0.1,0,0.05,0.15,0.1,0.05
"https://github.com/23f3004103/llm_agent","ok",0.2,0.08,0.05,0.1,0.1,0.05,0.1,0.1,0.08,0.1,0.1,0.02,0.05,0.15,0.1,0.05
"https://github.com/Mokshada-N/LLM-AGENT-PROOF-OF-CONCEPT","ok",0.2,0.15,,,,,0.15,0.1,,0.2,,,,,0.1,
"https://github.com/realpriyanshutiwari/LLM_Agent_1","ok",0.2,0.15,0.1,0.1,0.1,0.05,0.15,0.2,0,0.2,0.1,0.05,0.1,0.15,0.1,0.1
"https://github.com/sudiksha-22f3001123/LLM_AGENT","ok",0.2,0.15,0.1,0.1,0.1,0.05,0.15,0.2,0,0.2,0.1,0.05,0.1,0.15,0.1,0.1
"https://github.com/pratham0409/LLM_Agent","ok",0.2,0.15,0.1,0.1,0.1,0.05,0.15,0.2,0,0.2,0.1,0.05,0.08,0.15,0.1,0.1
"https://github.com/KAS4453/tds-bonus-project-llm-agent-poc","ok",0.2,0.08,0.1,0.1,0.1,0.05,0.12,0.1,0.15,0.1,0.1,0.03,0.1,0.15,0.1,0.05
"https://github.com/shivam91264/TDS-B2-LLM-Agent","ok",0.2,0.08,0.1,0.1,0.1,0.05,0.15,0.1,0,0.2,0.1,0.03,0.07,0.15,0.1,0.08
"https://github.com/shivam91264/TDS-B2-LLM-Agent","ok",0.2,0.08,0.1,0.1,0.1,0.05,0.15,0.1,0,0.2,0.1,0.03,0.07,0.15,0.1,0.08
"https://github.com/23f2002371/llm","ok",0.2,0.08,0.1,0.1,0.1,0.04,0.15,0.1,0,0.2,0.08,0.03,0.05,0.15,0.1,0.08
"https://github.com/realpriyanshutiwari/LLM_Agent_1","ok",0.2,0.15,0.1,0.1,0.1,0.05,0.15,0.2,0,0.2,0.1,0.05,0.1,0.15,0.1,0.1
"https://github.com/AAYUMAHE/LLM_Agent","ok",0.2,0.15,0.1,0.1,0.1,0.05,0.15,0.2,0,0.2,0.1,0.05,0.08,0.15,0.1,0.1
"https://github.com/ar4002/LLM-AGENT","ok",0.2,0.15,0.1,0.1,0.1,0.05,0.15,0.2,0,0.2,0.1,0.04,0.1,0.15,0.1,0.1
"https://github.com/ar4002/LLM-AGENT","ok",0.2,0.15,0.1,0.1,0.1,0.05,0.15,0.2,0,0.2,0.1,0.04,0.1,0.15,0.1,0.1
"https://23f3004008.github.io/tds-extra-llm/","invalid_url",,,,,,,,,,,,,,,,
"https://github.com/23f3000048/LLM_AGENT","ok",0.2,0.15,0.1,0.1,0.1,0.05,0.15,0.2,0,0.2,0.1,0.05,0.1,0.15,0.1,0.1
"https://llm-chi-three.vercel.app/","invalid_url",,,,,,,,,,,,,,,,
"https://github.com/23f2000345/LLM_Agent","ok",0.2,0.15,0.1,0.1,0.1,0.05,0.15,0.2,0,0.2,0.1,0.05,0.1,0.15,0.1,0.1
"https://github.com/Aditya-Darshan-cyber/llm-agent-poc","ok",0.2,0.15,0.1,0.1,0.1,0.05,0.15,0.2,0,0.2,0.1,0.03,0.05,0.15,0.1,0.08
"https://github.com/23f1001999/llm_agent_bonus1999","ok",0.2,0.15,0.1,0.1,0.1,0.05,0.15,0.1,0,0.2,0.1,0.03,0.05,0.15,0.1,0.08
"https://github.com/23f2001685/llm","ok",0.2,0.15,0.1,0.1,0.1,0.05,0.15,0.1,0,0.2,0.1,0.02,0.07,0.15,0.1,0.1
"https://github.com/23f1000805/tds-bonus-project-LLM-Agent","ok",0.2,0.15,0,0.1,0.08,0.04,0.04,0,0,0.1,0.08,0.04,0.05,0.12,0.1,0.1
"https://github.com/23f1002492/TDS-LLM-AGENT","ok",0.2,0.15,0.1,0.1,0.09,0.04,0.15,0.1,0.15,0.15,0.1,0.04,0.05,0.12,0.1,0.1
"https://github.com/Ananthavalli1991/llm_agent_poc.git","ok",0,0.04,0.1,0.1,0.1,0.03,0.08,0,0,0.05,0.1,0.01,0.05,0.15,0.05,0.05
"https://github.com/24ds1000012/my-presentation-app.git","ok",0,0,,,,,0,0,,0,,,,,0,
"https://github.com/23f2003716/tds-bonus-llmagent","ok",0.1,0.15,0.1,0.1,0.09,0.05,0.15,0,0,0.1,0.08,0.03,0.05,0.15,0.05,0.1
"https://github.com/Sanjukta234/TDS-BONUSPROJECT-LLMAGENT","ok",0.2,0.15,0,0.1,0.08,0.04,0.04,0,0,0.1,0.08,0.03,0.05,0.1,0.05,0.1
"https://github.com/Srijandharhacker/LLM_agent","ok",0.2,0.15,0.1,0.1,0.1,0.05,0.15,0.2,0,0.2,0.1,0.05,0.1,0.15,0.1,0.1
"https://github.com/Sourav2507/LLM_agent","ok",0.2,0.12,0,0.1,0.08,0.05,0.05,0,0,0.1,0.08,0.02,0.06,0.12,0.07,0.1
"https://github.com/sneha3465/llmagent","ok",0.2,0.15,0.1,0.1,0.1,0.05,0.15,0.2,0,0.2,0.1,0.05,0.1,0.15,0.1,0.1
"https://github.com/HiveCase/llm-multitool-agent","ok",0.2,0.1,0,0.1,0.08,0.04,0,0,0,0.1,0.08,0.03,0.05,0.1,0.1,0.1
"https://github.com/Shubham-Sharma-IITM/LLM-agent-POC","ok",0.2,0.15,0.1,0.1,0.1,0.05,0.15,0.1,0.15,0.2,0.1,0.03,0.05,0.15,0.1,0.1
"https://github.com/Shubham-Sharma-IITM/LLM-agent-POC","ok",0.2,0.15,0.1,0.1,0.1,0.05,0.15,0.1,0.15,0.2,0.1,0.03,0.05,0.15,0.1,0.1
"https://github.com/GyanPrakashkushwaha/LLM-Agent","ok",0.2,0.15,0.1,0.1,0.1,0.05,0.15,0.2,0,0.2,0.1,0.05,0.08,0.15,0.1,0.08
"https://github.com/Sudip-06/LLM-Agent-POC","ok",0.2,0.15,0.1,0.1,0.1,0.05,0.15,0.2,0.15,0.2,0.1,0.05,0.1,0.15,0.1,0.08
"https://github.com/Sudip-06/LLM-Agent-POC","ok",0.2,0.15,0.1,0.1,0.1,0.05,0.15,0.2,0.15,0.2,0.1,0.05,0.1,0.15,0.1,0.08
"https://github.com/sudiksha-22f3001123/LLM_AGENT","ok",0.2,0.15,0.1,0.1,0.1,0.05,0.15,0.2,0,0.2,0.1,0.05,0.1,0.15,0.1,0.1
"https://github.com/Sanjukta234/TDS-BONUSPROJECT-LLMAGENT","ok",0.2,0.15,0,0.1,0.08,0.04,0.04,0,0,0.1,0.08,0.03,0.05,0.1,0.05,0.1
"https://github.com/23f2000288/Agent_LLM","ok",0.2,0.15,0.1,0.1,0.1,0.05,0.15,0.2,0,0.2,0.1,0.05,0.1,0.15,0.1,0.1
"https://poc-phi-eosin.vercel.app/","invalid_url",,,,,,,,,,,,,,,,
"https://github.com/Rubix-av/LLM-Browser-Based-Multi-Tool/tree/main","ok",0.2,0.08,0.1,0.1,0.1,0.04,0.15,0.1,0,0.2,0.1,0.03,0.05,0.15,0.1,0.08
"https://github.com/22f3000980/TDS_BONUS_2","ok",0.2,0.15,0.1,0.1,0.1,0.05,0.15,0.1,0,0.2,0.1,0.03,0.05,0.15,0.1,0.1
"https://github.com/22f3000980/TDS_BONUS_2","ok",0.2,0.15,0.1,0.1,0.1,0.05,0.15,0.1,0,0.2,0.1,0.03,0.05,0.15,0.1,0.1
"https://github.com/22f3000284/LLM-Agent","ok",0.2,0.15,0.1,0.1,0.1,0.05,0.15,0,0.15,0.1,0.1,0.02,0.06,0.1,0.05,0.1
"llm-agent-eight.vercel.app","invalid_url",,,,,,,,,,,,,,,,
"https://github.com/23f2004126/LLM","ok",0.2,0.15,0.1,0.1,0.1,0.05,0.15,0.2,0,0.2,0.1,0.04,0.1,0.15,0.1,0.08
"https://github.com/rampande01/LLM-PROJECT","ok",0.2,0.15,0.1,0.1,0.1,0.05,0.15,0.2,0,0.2,0.1,0.05,0.1,0.15,0.1,0.1
"https://github.com/Ayyushhhhh/tds-bonus-project-LLM-Agent","ok",0.2,0.15,0,0.1,0.08,0.05,0.04,0.1,0,0.1,0.09,0.03,0.06,0.12,0.05,0.1
"na","invalid_url",,,,,,,,,,,,,,,,
"https://github.com/22f3001352/LLM_agent_poc","ok",0.2,0.08,0.1,0.1,0.08,0.05,0.15,0.1,0,0.2,0.09,0.02,0.06,0.15,0.1,0.08
"https://github.com/22f3001352/LLM_agent_poc","ok",0.2,0.08,0.1,0.1,0.08,0.05,0.15,0.1,0,0.2,0.09,0.02,0.06,0.15,0.1,0.08
"llm-agent-main.vercel.app","invalid_url",,,,,,,,,,,,,,,,
"https://github.com/Felicitatem/tds-bonus-project-LLM-Agent","ok",0.2,0.15,0,0.1,0.1,0.05,0.04,0,0,0.1,0.1,0.02,0.05,0.1,0.1,0.1
"https://github.com/TaniyaChouhan44/LLM-Agent.git","ok",0.15,0.1,0,0.1,0.08,0.04,0,0,0,0,0.09,0.03,0.06,0.1,0.05,0.1
"https://madhan-karthikeyan.github.io/llm-agent/","invalid_url",,,,,,,,,,,,,,,,
"https://github.com/23f2005420/tds_llmagent.git","ok",0.2,0.08,0.1,0.1,0.1,0.05,0.15,0.1,0,0.2,0.1,0.02,0.05,0.15,0.1,0.1
"https://github.com/Vaisakh-10/Browser-JS","ok",0.2,0.15,0.1,0.1,0.1,0.03,0.15,0,0,0.2,0.1,0.01,0.07,0.15,0.05,0.02
"https://github.com/varadg111/LLM-Agent-POC-main","ok",0.2,0.08,0.1,0.1,0.1,0.04,0.15,0.1,0,0.2,0.08,0.02,0.05,0.15,0.1,0.1
"https://github.com/ASTITVAAG2005/AI_AGENT","ok",0.2,0.15,0.05,0.1,0.1,0.04,0.15,0,0,0.2,0.08,0.02,0.05,0.15,0.05,0.04
"https://github.com/ASTITVAAG2005/AI_AGENT","ok",0.2,0.15,0.05,0.1,0.1,0.04,0.15,0,0,0.2,0.08,0.02,0.05,0.15,0.05,0.04
"https://github.com/Trickster-RJ/AgentFlow","ok",0.2,0.1,0.1,0.1,0.1,0.05,0.15,0,0,0.1,0.08,0.02,0.05,0.15,0.1,0.08
"https://github.com/23f1000687/Bonus-project-1","ok",0.2,0.15,0.1,0.1,0.1,0.05,0.15,0.2,0,0.2,0.1,0.05,0.1,0.15,0.1,0.1
"https://github.com/Sharan0078/llm","ok",0.2,0.08,0.1,0.1,0.1,0.05,0.15,0.1,0,0.2,0.1,0.02,0.05,0.15,0.1,0.08
"https://github.com/JHILMILDUTTA/LLM-Agent.git","ok",0.2,0.15,0.1,0.1,0.1,0.05,0.15,0.2,0,0.2,0.1,0.05,0.1,0.15,0.1,0.1
"https://github.com/tripurari2004/LLM-Agent","ok",0.2,0.15,0,0.1,0.08,0.05,0.08,0.05,0,0.1,0.08,0.02,0.05,0.1,0.05,0.1
"https://github.com/23f1002560/tds-LLX/tree/main","ok",0.2,0.15,0.05,0.1,0.1,0.05,0.04,0,0,0.2,0.1,0.04,0.05,0.1,0.1,0.1
"https://github.com/Bhagatsidhu2007/TDS-Site","ok",0.2,0.04,0.1,0.1,0.1,0.04,0.15,0,0,0.1,0.08,0.02,0.06,0.15,0.1,0.07
"https://tds-bonus-llm.vercel.app/","invalid_url",,,,,,,,,,,,,,,,
"https://github.com/Tanushree2405/llm-agent","ok",0.2,0.15,0.1,0.1,0.1,0.04,0.15,0.1,0,0.2,0.1,0.03,0.05,0.15,0.1,0.08
"https://github.com/23f3001930/bonus-LLM-agent","ok",0.2,0.15,0,0.1,0.09,0.04,0.04,0.05,0,0.1,0.08,0.03,0.03,0.08,0.1,0.1
"https://github.com/23f3001331/LLM-Agent","ok",0.2,0.15,0.1,0.1,0.1,0.05,0.15,0.2,0,0.2,0.1,0.05,0.1,0.15,0.1,0.05
"https://github.com/iamsonu149/llm-agent","ok",0.2,0.08,0.06,0.1,0.1,0.03,0.15,0.1,0.05,0.1,0.1,0.03,0.06,0.15,0.1,0.05
"https://github.com/pranab92/LLM_AGENT_RAG","ok",0.2,0.1,0.05,0.1,0.08,0.03,0,0,0.1,0.1,0.09,0.02,0.05,0.15,0.1,0.05
"https://github.com/Henil4/TDS_Bonus_LLM","ok",0.2,0.15,0,0.1,0.1,0.05,0,0,0,0.1,0.08,0.03,0.05,0.1,0.1,0.1
"https://github.com/23f2002348/BrowLLM","ok",0.2,0.15,0.1,0.1,0.1,0.04,0.15,0,0,0.1,0.08,0,0.1,0.15,0.1,0.05
"https://github.com/22f3000982/AGENTFLOW","ok",0.2,0.15,0.1,0.1,0.1,0.05,0.15,0,0,0.2,0.1,0.03,0.06,0.15,0.1,0.1
"https://github.com/23f2001985/bonus2","ok",0.2,0.15,,,,,0.08,0,,0.1,,,,,0.1,
"https://github.com/tahadiamond1/LLM_Agent.git","ok",0.2,0.15,0.1,0.1,0.1,0.05,0.15,0.2,0,0.2,0.1,0.05,0.08,0.15,0.1,0.1
"https://github.com/singh873/llm-agent","ok",0.2,0.08,0.05,0.1,0.08,0.05,0.08,0.1,0.08,0.1,0.1,0.03,0.05,0.15,0.1,0.05
"https://github.com/Nikhiliitm/agent","ok",0.2,0.08,0.1,0.1,0.1,0.05,0.15,0.1,0,0.2,0.1,0.03,0.05,0.15,0.1,0.1
"https://github.com/23f3000900/LLMA","ok",0.2,0.15,0.1,0.1,0.1,0.05,0.15,0.2,0,0.2,0.1,0.05,0.1,0.15,0.1,0.1
"https://github.com/vedikagupta0/tds-bonus-project-2","pending",,,,,,,,,,,,,,,,
"https://github.com/23f3003285/llm-agent","ok",0.2,0.08,0.1,0.1,0.1,0.05,0.15,0,0,0.2,0.09,0.02,0.07,0.15,0.1,0.08
"https://github.com/SarthakN13/22f3002492-Bonus-Project-Tds-LLM","ok",0.2,0.15,0.05,0.1,0.09,0.05,0.08,0,0,0.1,0.08,0.03,0.05,0.12,0.05,0.1
"https://github.com/tahadiamond1/LLM_Agent.git","ok",0.2,0.15,0.1,0.1,0.1,0.05,0.15,0.2,0,0.2,0.1,0.05,0.08,0.15,0.1,0.1
"https://github.com/akashjana2123/LLM-Agent-main","ok",0.2,0.15,0,0.1,0.1,0.05,0.08,0.1,0,0.1,0.1,0.03,0.07,0.15,0.1,0.1
"https://github.com/ironheart2003/LLM-Agent/blob/main/agent.js","ok",0.2,0.08,0.1,0.1,0.1,0.05,0.15,0,0,0.2,0.1,0,0.05,0.15,0.1,0.1
"https://github.com/23f3001369/LLM-Agent-mini","ok",0.2,0.15,0,0.1,0.1,0.04,0.04,0,0,0.1,0.1,0.03,0.05,0.1,0.1,0.1
"https://github.com/kishor-kumar-1995/LLM-Agent-POC","ok",0,0,0.1,0.1,0.1,0.02,0,0,0,0,0.1,0.02,0.05,0.15,0.1,0
"https://github.com/MallickBanani-IITM/LLM_agent","ok",0.2,0.15,0.1,0.1,0.1,,0.15,0.2,0,0.2,0.1,0.05,0.1,0.15,0.1,0.1
"https://github.com/anubrata-de/LLM_Agent","ok",0.2,0.15,0.1,0.1,0.1,0.05,0.15,0.2,0,0.2,0.1,0.04,0.05,0.15,0.1,0.08
"https://github.com/MursleenK/LLM_ChatBot","ok",0.2,0.15,0,0.1,0.1,0.05,0,0,0,0.1,0.1,0.04,0.05,0.15,0.1,0.1
"https://github.com/Manish9250/LLM-Agent","ok",0.2,0.15,0,0.1,0.08,0.05,0.05,0,0,0.1,0.08,0.02,0.05,0.12,0.1,0.1
"https://github.com/ULAGAAOOZHIAN/Browser_LLM","pending",,,,,,,,,,,,,,,,
"https://github.com/abhinv11/tds_llm_agent_browser","ok",0.2,0.15,0,0.1,0.1,0.04,0.04,0,0,0.1,0.1,0.04,0.05,0.12,0.05,0.1
"https://github.com/harshkumar2727/taskforge","ok",0.2,0.08,0.1,0.1,0.1,0.05,0.15,0,0.08,0.2,0.1,0.03,0.05,0.15,0.1,0.07
"https://github.com/rajkumarwolftiger/Llm-agent","ok",0,0.15,0,0.1,0.1,0.03,0,0,0,0,0.1,0.03,0.1,0.15,0.05,0.05
"https://github.com/TomendraS/AI-agent","ok",0.2,0.15,0.1,0.1,0.1,0.05,0.15,0.2,0,0.2,0.1,0.05,0.08,0.15,0.1,0.08
"https://github.com/Kantdrav/tds_extra_llm","ok",0.1,0.15,0.1,0.1,0.1,0.05,0.15,0,0,0.2,0.09,0.03,0.05,0.15,0.1,0.1
"https://tds-llm-agent-liard.vercel.app/","invalid_url",,,,,,,,,,,,,,,,
"https://github.com/23f2003068/tds-bonus-project-LLM-Agent","ok",0.2,0.15,0,0.1,0.1,0.03,0,0,0,0.1,0.1,0.04,0.05,0.1,0.1,0.1
"https://github.com/jhaaj08/LLM_Agent.git","ok",0.2,0.15,0.1,0.1,0.1,0.05,0.15,0.2,0,0.2,0.1,0.05,0.1,0.15,0.1,0.1
"https://github.com/Shreya-agr09/Browser-Based-Multi-Tool-Reasoning","ok",0.1,0.15,0.1,0.1,0.08,0.05,0.15,0,0,0,0.08,0.02,0.05,0.15,0.08,0.07
"https://github.com/23f2003068/tds-bonus-project-LLM-Agent","ok",0.2,0.15,0,0.1,0.1,0.03,0,0,0,0.1,0.1,0.04,0.05,0.1,0.1,0.1
"https://github.com/milanjyotiray/MyLLMToolAgent","ok",0.2,0.08,0.1,0.1,0.1,0.05,0.15,0.05,0,0.2,0.1,0.03,0.05,0.15,0.1,0.08
"https://github.com/himanshugpt09/LLM-Agent-Browser-Based","ok",0.2,0.15,0.1,0.1,0.1,0.05,0.15,0.2,0,0.2,0.1,0.04,0.1,0.15,0.1,0.05
"https://github.com/raushang7/LLM_Agent","ok",0.2,0.15,0.1,0.1,0.1,0.05,0.15,0.2,0,0.2,0.1,0.04,0.08,0.15,0.1,0.08
"https://github.com/23f2004950/-tds-bonus-project-LLM-Agent","ok",0.2,0.15,0,0.1,0.09,0.03,0.04,0,0,0.1,0.09,0.03,0.07,0.08,0.1,0.1
"https://github.com/Dev5112/LLM","ok",0.2,0.15,0.1,0.1,0.1,0.05,0.15,0.2,0,0.2,0.1,0.05,0.05,0.15,0.1,0.1
"https://github.com/Kavya-Jain5/agentflow","ok",0.2,0.15,0,0.1,0.1,0.05,0.05,0.05,0,0.1,0.1,0.03,0.05,0.1,0.1,0.1
"https://github.com/yamanpareek-iitm/tds-llm-agent","ok",0.2,0.15,0,0.1,0.09,0.05,0.08,0,0,0.1,0.09,0.04,0.05,0.12,0.05,0.1
"https://github.com/nayonikaarora/tds-bonus","ok",0.2,0.15,0,0.1,0.1,0.05,0.04,0.05,0,0.1,0.09,0.03,0.05,0.12,0.1,0.1
"https://github.com/Mohdshaadsonofvakeel/LLM_Agent_helper","ok",0.2,0.15,0.1,0.1,0.1,0.05,0.15,0.2,0,0.2,0.1,0.05,0.05,0.15,0.05,0.05
"https://github.com/akshay88878/LLM_Agent","ok",0.2,0.15,0.1,0.1,0.1,0.05,0.15,0.2,0,0.2,0.1,0.04,0.1,0.15,0.1,0.08
"https://github.com/Raj-RR2004/auto-llm-agent","ok",0.2,0.15,0.1,0.1,0.1,0.05,0.15,0.1,0,0.2,0.1,0.03,0.1,0.15,0.1,0.07
"https://github.com/kushagraarya-iitm/LLM-Agent","ok",0.2,0.15,0.1,0.1,0.1,0.05,0.15,0.2,0,0.2,0.1,0.05,0.1,0.15,0.1,0.1
"https://github.com/Raj-RR2004/auto-llm-agent","ok",0.2,0.15,0.1,0.1,0.1,0.05,0.15,0.1,0,0.2,0.1,0.03,0.1,0.15,0.1,0.07
"https://github.com/reshav09/TDS-Bonus-LLM-Agent","ok",0.2,0.15,0,0.1,0.1,0.03,0.15,0.1,0,0.2,0.1,0.03,0.05,0.15,0.1,0.05
"https://github.com/24f1000806/BONUS2","ok",0.2,0.15,0,0.1,0.1,0.05,0.04,0.1,0.05,0.1,0.08,0.04,0.05,0.1,0.1,0.1
"https://tds-extra-llm-deploy-git-main-piush-dass-projects.vercel.app/","invalid_url",,,,,,,,,,,,,,,,
"https://github.com/akshay88878/LLM_Agent","ok",0.2,0.15,0.1,0.1,0.1,0.05,0.15,0.2,0,0.2,0.1,0.04,0.1,0.15,0.1,0.08
"https://github.com/22f3000359/LLM_Agent","ok",0.2,0.15,0.1,0.1,0.1,0.05,0.15,0.2,0,0.2,0.1,0.05,0.1,0.15,0.1,0.05
"https://github.com/22f3000359/LLM_Agent","ok",0.2,0.15,0.1,0.1,0.1,0.05,0.15,0.2,0,0.2,0.1,0.05,0.1,0.15,0.1,0.05
"https://github.com/23f2001156/LLM_Agent","ok",0.2,0.15,0.1,0.1,0.1,0.05,0.15,0.2,0,0.2,0.1,0.04,0.08,0.15,0.1,0.09
"https://github.com/SujalPradhan/LLM-Search-Tool-Agent","ok",0.1,0.15,0.1,0.1,0.08,0.04,0.15,0.1,0,0.2,0.09,0.02,0.05,0.15,0.05,0.1
"https://tds-bonus-project-llm-agent.vercel.app/","invalid_url",,,,,,,,,,,,,,,,
"https://github.com/24f1000806/BONUS2","ok",0.2,0.15,0,0.1,0.1,0.05,0.04,0.1,0.05,0.1,0.08,0.04,0.05,0.1,0.1,0.1
"https://github.com/23f3004008/tds-extra-llm","ok",0.1,0.15,0.1,0.1,0.1,0.05,0.15,0.1,0,0.2,0.1,0.03,0.07,0.15,0.05,0.1
"https://github.com/Emptiinessss/TDS_LLM","ok",0.2,0.15,0,0.1,0.09,0.05,0.04,0.05,0,0.1,0.08,0.03,0.05,0.1,0.1,0.1
"https://github.com/23f3001375/llm-agent","ok",0.2,0.15,0,0.1,0.09,0.05,0.08,0,0,0.1,0.09,0.03,0.05,0.1,0.1,0.1
"https://github.com/22f3000184/vidwan-llm-agent","ok",0.2,0.15,0.1,0.1,0.1,0.05,0.15,0.2,0,0.1,0.1,0.05,0.07,0.15,0.1,0.1
"https://github.com/dewanggandhi01/SynapseAI-LLM-Agent","ok",0.2,0.15,0.05,0.1,0.1,0.04,0.15,0.1,0.08,0.2,0.1,0,0.05,0.12,0.1,0.1
"https://github.com/23f1000805/tds-bonus-project-LLM-Agent","ok",0.2,0.15,0,0.1,0.08,0.04,0.04,0,0,0.1,0.08,0.04,0.05,0.12,0.1,0.1
"https://github.com/22f3000710/llm_agent","ok",0.2,0.15,0,0.1,0.08,0.05,0,0,0,0.1,0.08,0.03,0.05,0.12,0.1,0.1
"https://github.com/Sanavi05/tds_bonus_1","ok",0.2,0.15,0,0.1,0.08,0.04,0.08,0,0,0.1,0.08,0.02,0.03,0.08,0.05,0.08
"https://github.com/IshaSaini0110/LLM_Agent","ok",0.2,0.15,0.1,0.1,0.08,0.04,0.15,0,0,0.1,0.08,0.02,0.05,0.15,0.05,0.08
"https://github.com/pamit7d/LLM_Agent","ok",0.2,0.15,0.1,0.1,0.1,0.05,0.15,0.2,0,0.2,0.1,0.05,0.05,0.15,0.1,0.08
"https://github.com/Aish-trycode/tds-bonus-llm","ok",0.2,0.15,0,0.1,0.1,0.05,0.08,0,0,0.1,0.08,0.02,0.05,0.12,0.1,0.1
"https://github.com/HarshalGunjalOp/LLM_Agent","ok",0.2,0.15,0.1,0.1,0.1,0.05,0.15,0.2,0,0.2,0.1,0.04,0.1,0.15,0.1,0.08
"https://github.com/22f3000525/LLM-Agent","ok",0.2,0.15,0.1,0.1,0.1,0.05,0.15,0.2,0,0.2,0.1,0.05,0.1,0.15,0.1,0.08
"https://github.com/23f3004514/LLM-Agent","ok",0.2,0.15,0,0.1,0.08,0.05,0.04,0,0,0.2,0.09,0.02,0.05,0.1,0.1,0.1
"https://github.com/dharani06-hub/tds_llm","ok",0.2,0.08,0.1,0.1,0.1,0.04,0.15,0,0,0.2,0.1,0.02,0.05,0.15,0.1,0.08
"https://github.com/22f1000634/LLM_AGENT","ok",0.2,0.15,0,0.1,0.08,0.05,0.04,0.05,0,0.1,0.08,0.03,0.06,0.12,0.05,0.1
"https://github.com/23f1000318/BONUS_2","ok",0.1,0.15,0.1,0.1,0.1,0.05,0.15,0.1,0,0.2,0.1,0.03,0.05,0.15,0.05,0.1
"https://github.com/23f1000448/TDS-LLM-Agent","ok",0.2,0.15,0,0.1,0.09,0.04,0.05,0,0,0.1,0.08,0.03,0.07,0.1,0.1,0.1
"https://github.com/siddarth-arora/LLM_AGENT_TDS_BONUS","ok",0.2,0.15,0,0.1,0.08,0.05,0.04,0,0,0.1,0.08,0.03,0.05,0.1,0.05,0.1
"https://github.com/23f1000805/tds-bonus-project-LLM-Agent","ok",0.2,0.15,0,0.1,0.08,0.04,0.04,0,0,0.1,0.08,0.04,0.05,0.12,0.1,0.1
"https://github.com/codingartist58/tds-project-llm-js","ok",0.05,0.15,0,0.1,0.08,0.03,0,0,0,0,0.1,0.03,0.05,0.15,0.1,0.05
"https://github.com/Suraj-IITM/LLM-Agent-TDS-bonus-project","ok",0.2,0.15,0,0.1,0.1,0.04,0.04,0,0,0.1,0.1,0.03,0.05,0.1,0.1,0.1
"https://github.com/Akbar-ali-iitm/TDS-LLM_Agent.git","ok",0.2,0.15,,,,,0.04,0.05,,0.1,,,,,0.1,
"https://github.com/Suraj-7399/LLM-Agent","ok",0.2,0.08,0,0.1,0.1,0.05,0.04,0.05,0,0.1,0.1,0.04,0.05,0.1,0.1,0.1
"https://github.com/23f1002103/llm_agent","ok",0.2,0.08,0.1,0.1,0.1,0.05,0.15,0.1,0,0.2,0.1,0.02,0.1,0.15,0.1,0.1
"https://github.com/adit-0132/llm-agent","ok",0.2,0.15,0,0.1,0.08,0.05,0,0,0,0.1,0.09,0.03,0.05,0.1,0.1,0.1
"https://github.com/rujutabhanose/LLM-Agent-Search","ok",0.2,0.1,0.1,0.1,0.1,0.05,0.15,0,0.15,0.1,0.1,0.02,0.1,0.15,0.1,0.05
"https://github.com/23f2000252/LLm_Agent","ok",0.2,0.15,0,0.1,0.05,0.04,0.15,0,0,0.2,0.1,0.02,0.05,0.15,0.1,0.03
"App url: https://tds-bonus-project-llm-agent.vercel.app    Github link: https://github.com/TheCodeLord-INX/LLM-Agent","invalid_url",,,,,,,,,,,,,,,,
"https://github.com/riyamoun1310/llm","ok",0,0,0.1,0.1,0.1,0.03,0,0,0,0,0.1,0.02,0.05,0.15,0.1,0.07
"https://github.com/saumyakumarchauhan/TDS-LLM-Agent","ok",0.2,0.15,,,,,0.08,0,,0.1,,,,,0.1,
"https://github.com/23f2000787/llmAgent","ok",0.2,0.15,0.1,0.1,0.1,0.05,0.15,0.2,0,0.1,0.1,0.05,0.08,0.15,0.1,0.08
"https://github.com/Sunny-IITM/LLM-Agent","ok",0.2,0.15,0,0.1,0.08,0.05,0.08,0.05,0,0.1,0.08,0.03,0.05,0.1,0.1,0.1
"NA","invalid_url",,,,,,,,,,,,,,,,
"https://github.com/AadityaJain0128/TDS_LLM_Agent","ok",0.2,0.15,0,0.1,0.1,0.04,0.08,0,0,0.1,0.1,0.03,0.05,0.1,0.05,0.1
"https://github.com/AadityaJain0128/TDS_LLM_Agent","ok",0.2,0.15,0,0.1,0.1,0.04,0.08,0,0,0.1,0.1,0.03,0.05,0.1,0.05,0.1
"https://github.com/Khushitz/llm-_agent","ok",0.15,0.15,0,0.1,0.09,0.05,0.04,0,0,0.05,0.08,0.02,0.03,0.12,0.05,0.09
"https://github.com/23f1000805/tds-bonus-project-LLM-Agent","ok",0.2,0.15,0,0.1,0.08,0.04,0.04,0,0,0.1,0.08,0.04,0.05,0.12,0.1,0.1
"https://github.com/23f1000805/tds-bonus-project-LLM-Agent","ok",0.2,0.15,0,0.1,0.08,0.04,0.04,0,0,0.1,0.08,0.04,0.05,0.12,0.1,0.1
"https://github.com/bhsvardhan/tds-bonus-project-LLM-Agent","ok",0.2,0.15,0,0.1,0.08,0.04,0,0,0,0.1,0.09,0.02,0.06,0.12,0.1,0.1
"https://github.com/23f1002103/llm_agent","ok",0.2,0.08,0.1,0.1,0.1,0.05,0.15,0.1,0,0.2,0.1,0.02,0.1,0.15,0.1,0.1
"https://github.com/Mahadevan2005/LLM-Agent","ok",0.2,0.15,,,,,0,0,,0.1,,,,,0.1,
"https://github.com/TheCodeLord-INX/LLM-Agent","ok",0.2,0.15,0,0.1,0.1,0.05,0.08,0,0,0.1,0.09,0.04,0.05,0.12,0.05,0.1
"https://github.com/pranab92/LLM_AGENT_RAG","ok",0.2,0.1,0.05,0.1,0.08,0.03,0,0,0.1,0.1,0.09,0.02,0.05,0.15,0.1,0.05
"https://github.com/23f1000805/tds-bonus-project-LLM-Agent","ok",0.2,0.15,0,0.1,0.08,0.04,0.04,0,0,0.1,0.08,0.04,0.05,0.12,0.1,0.1
"https://github.com/vedikagupta0/tds-bonus-2","ok",0.2,0.15,0.1,0.1,0.1,0.05,0.15,0.2,0,0.2,0.1,0.05,0.1,0.15,0.1,0.05
"https://github.com/SrutaKeerthiS/TDS_Bonus_llmAgent","ok",0.1,0.15,0.1,0.1,0.1,0.05,0.15,0.1,0,0.2,0.1,0.03,0.05,0.15,0.05,0.1
"https://github.com/Dev-svg-afk/tds-extra-llm","ok",0.1,0.15,0.1,0.1,0.1,0.05,0.15,0,0,0.2,0.1,0.02,0.05,0.15,0.05,0.1
"https://github.com/sumit-kumar-2104/TDS-LLM-Agent","ok",0.2,0.08,0.1,0.1,0.1,0.05,0.15,0.1,0,0.2,0.1,0.02,0.05,0.15,0.1,0.05
"https://github.com/anmol-005/llm-agent","ok",0.2,0.15,0,0.1,0.1,0.04,0,0,0,0.1,0.1,0.03,0.05,0.1,0.05,0.1
"https://github.com/23f2003713/LLM-Agent","ok",0.2,0.08,0.1,0.1,0.09,0.04,0.15,0,0,0.2,0.09,0.03,0.06,0.12,0.05,0.09
"https://github.com/23f2004818/tds-bonus/","ok",0.2,0.15,0.05,0.1,0.1,0.05,0.04,0.05,0,0.1,0.1,0.03,0.05,0.1,0.05,0.1
"GitHub: https://github.com/23f2000783/POC_repo; Website:https://browser-based-llm.onrender.com","invalid_url",,,,,,,,,,,,,,,,
"https://github.com/Anmol08-dev/llm-agent","ok",0.2,0.15,0,0.1,0.1,0.04,0.08,0,0,0.1,0.1,0.03,0.05,0.12,0.1,0.1
"https://github.com/JaiswalShubhangee/TDS_LLM_Agent","ok",0.2,0.15,0.05,0.1,0.08,0.05,0.25,0,0,0.1,0.08,0.02,0.05,0.1,0.1,0.1
"https://github.com/jatmanis1/easy-ai-ppt","ok",0,0.15,0,0.08,0.09,0.04,0,0,0,0,0.09,0.04,0.07,0.12,0.05,0.1
"https://github.com/Yaajneshini/llm_agent_proof_of_concept","ok",0.2,0.15,0,0.1,0.1,0.03,0.04,0,0,0.2,0.1,0.02,0.05,0.15,0.1,0
"https://github.com/JaiswalShubhangee/TDS_LLM_Agent","ok",0.2,0.15,0.05,0.1,0.08,0.05,0.25,0,0,0.1,0.08,0.02,0.05,0.1,0.1,0.1
"https://github.com/shivam91264/TDS-B2-LLM-Agent/tree/main","ok",0.2,0.08,0.1,0.1,0.1,0.05,0.15,0.1,0,0.2,0.1,0.03,0.07,0.15,0.1,0.08
"https://github.com/TheCodeLord-INX/LLM-Agent","ok",0.2,0.15,0,0.1,0.1,0.05,0.08,0,0,0.1,0.09,0.04,0.05,0.12,0.05,0.1
"https://github.com/ggtyttgy/llm-agent-backend","ok",0.2,0.08,0.1,0.1,0.1,0.03,0.08,0.2,0,0.1,0.1,0.03,0.05,0.15,0.1,0.05
"https://github.com/Yaajneshini/llm_agent_proof_of_concept","ok",0.2,0.15,0,0.1,0.1,0.03,0.04,0,0,0.2,0.1,0.02,0.05,0.15,0.1,0
"https://github.com/shivam91264/TDS-B2-LLM-Agent","ok",0.2,0.08,0.1,0.1,0.1,0.05,0.15,0.1,0,0.2,0.1,0.03,0.07,0.15,0.1,0.08
"https://github.com/codeshylu/LLM-AGENT","ok",0.2,0.08,0.1,0.1,0.09,0.05,0.15,0.1,0,0.1,0.09,0.02,0.05,0.15,0.05,0.08
"https://github.com/shivam91264/TDS-B2-LLM-Agent","ok",0.2,0.08,0.1,0.1,0.1,0.05,0.15,0.1,0,0.2,0.1,0.03,0.07,0.15,0.1,0.08
"https://github.com/yashwanthram04/LLM-Agent","ok",0.2,0.15,0,0.1,0.1,0.04,0.04,0,0,0.1,0.09,0.04,0.05,0.1,0.1,0.1
"https://github.com/ironheart2003/LLM-Agent","ok",0.2,0.08,0.1,0.1,0.1,0.05,0.15,0,0,0.2,0.1,0,0.05,0.15,0.1,0.1
"https://github.com/RAVALOM/llm_agent","ok",0.2,0.15,0,0.1,0.1,0.04,0.04,0.05,0,0.1,0.1,0.03,0.05,0.12,0.1,0.1
"https://github.com/22f3002075/llm_bonus","ok",0.2,0.15,0.1,0.1,0.1,0.05,0.15,0.2,0,0.1,0.1,0.05,0.1,0.15,0.1,0.1
"https://github.com/abhirupdas-iitm/LLM-Agent","ok",0.2,0.15,0,0.1,0.08,0.05,0.04,0,0,0.1,0.09,0.03,0.06,0.12,0.1,0.1
"https://github.com/23f1001796/TDS-BONUS-LLM_AGENT","ok",0.2,0.15,0,0.1,0.08,0.05,0.08,0,0,0.1,0.08,0.02,0.05,0.1,0.05,0.1
"https://github.com/Deepesh1604/LLM-Agent","ok",0.2,0.15,,,,,0.04,0.05,,0.1,,,,,0.1,
"https://github.com/22f3000794/TDS-LLM-Agent","ok",0.2,0.15,0,0.1,0.1,0.05,0.04,0.05,0,0.1,0.09,0.03,0.08,0.1,0.1,0.1
"https://github.com/23f1002804/TDS_llm_agent","ok",0.2,0.15,0,0.1,0.09,0.04,0.04,0.05,0,0.1,0.08,0.03,0.03,0.05,0.1,0.1
"https://github.com/23f2005481/tds_bonus_llm","ok",0.2,0.15,0,0.1,0.1,0.05,0.05,0,0,0.1,0.1,0.03,0.05,0.12,0.1,0.1
"https://github.com/Ishita-Goyal-iitm/bonus-question-llm","ok",0.2,0.15,0.05,0.1,0.08,0.05,0.08,0.05,0,0.1,0.08,0.03,0.03,0.08,0.1,0.09
"https://bonus2-tds.vercel.app/","invalid_url",,,,,,,,,,,,,,,,
"https://github.com/22f3000284/LLM-Agent","ok",0.2,0.15,0.1,0.1,0.1,0.05,0.15,0,0.15,0.1,0.1,0.02,0.06,0.1,0.05,0.1
"https://github.com/Saikasote/tds_llm","ok",0.1,0.08,0.1,0.1,0.1,0.03,0.08,0.1,0,0,0.1,0.03,0.05,0.15,0.1,0.05
"https://github.com/50LPA/LLM-Agent","ok",0.2,0.15,0,0.1,0.08,0.05,0,0,0,0.1,0.08,0.02,0.03,0.08,0.1,0.1
"https://github.com/22f3002718/LLM-Agent-POC","ok",0.2,0.15,0,0.1,0.08,0.04,0.04,0.05,0,0.1,0.09,0.03,0.05,0.1,0.1,0.1
"https://github.com/jaykumar9022/LLM-Agent-Bonus","ok",0.2,0.15,0,0.1,0.1,0.05,0.08,0,0,0.1,0.1,0.03,0.07,0.1,0.1,0.1
"https://github.com/imish296/LLM-Agent","ok",0.2,0.15,0,0.1,0.08,0.04,0.04,0.05,0,0.1,0.08,0.03,0.05,0.12,0.1,0.1
"https://github.com/mohitgitgeek/tds-bonus-project-LLM-Agent","ok",0.2,0.15,0,0.1,0.09,0.04,0.05,0,0,0.1,0.09,0.03,0.05,0.12,0.1,0.1
"https://github.com/dithu10/bonus_agent","ok",0.2,0.08,0.1,0.1,0.08,0.04,0.15,0.1,0,0.2,0.08,0.01,0.05,0.15,0.05,0.08
"https://github.com/dharani06-hub/tds_llm","ok",0.2,0.08,0.1,0.1,0.1,0.04,0.15,0,0,0.2,0.1,0.02,0.05,0.15,0.1,0.08
"https://github.com/Zachariah-K/bonus-one","ok",0.2,0.15,0,0.1,0.08,0.04,0.05,0,0,0.1,0.1,0.02,0.05,0.1,0.05,0.1
"https://github.com/23f2004268/Ai-Agent.git","ok",0.2,0.08,0.1,0.1,0.08,0.04,0.15,0,0,0.1,0.08,0.02,0.05,0.15,0.1,0.1
"NA","invalid_url",,,,,,,,,,,,,,,,
"https://github.com/SaranshG324/LLM_Agent","ok",0.2,0.15,0.1,0.1,0.1,0.05,0.15,0.2,0,0.2,0.1,0.05,0.1,0.15,0.1,0.1
"https://github.com/iitmrepo/llm-agent-1","ok",0.2,0.15,0,0.1,0.1,0.04,0,0,0,0.1,0.1,0.03,0.05,0.12,0.1,0.1
"https://github.com/DevyanshJain/TDS-LLM-Agent","ok",0.2,0.15,0,0.1,0.1,0.05,0.04,0.1,0,0.1,0.1,0.02,0.05,0.1,0.1,0.1
"https://github.com/23f3001439/LLM-AGENT","ok",0.2,0.15,0.1,0.1,0.09,0.04,0.15,0.2,0,0.1,0.08,0.03,0.08,0.15,0.1,0.08
"https://github.com/BhavanaAgrawal73/llm-agent-poc","ok",0.2,0.15,0,0.1,0.1,0.04,0.08,0,0,0.1,0.09,0.03,0.05,0.1,0.1,0.1
"https://github.com/23f1000193/LLM-Agent","ok",0.2,0.15,0.1,0.1,0.1,0.05,0.15,0.2,0,0.2,0.1,0.05,0.1,0.15,0.1,0.1
"https://github.com/Tejaswini050302/llm-agent-poc","ok",0.2,0.15,0.1,0.1,0.1,0.05,0.15,0.2,0,0.2,0.1,0.04,0.1,0.15,0.1,0.05
"https://github.com/jhaaj08/LLM_Agent.git","ok",0.2,0.15,0.1,0.1,0.1,0.05,0.15,0.2,0,0.2,0.1,0.05,0.1,0.15,0.1,0.1
"https://github.com/23f3000916/LLM-Agent","ok",0.2,0.15,0.1,0.1,0.1,0.05,0.15,0.2,0,0.2,0.1,0.05,0.05,0.15,0.1,0.08
"https://github.com/22f3002421ds/LLM_Agent","ok",0.2,0.15,0,0.1,0.1,0.04,0.04,0,0,0.1,0.1,0.04,0.05,0.12,0.1,0.1
"https://github.com/jhaaj08/LLM_Agent.git","ok",0.2,0.15,0.1,0.1,0.1,0.05,0.15,0.2,0,0.2,0.1,0.05,0.1,0.15,0.1,0.1
"https://github.com/jhaaj08/LLM_Agent.git","ok",0.2,0.15,0.1,0.1,0.1,0.05,0.15,0.2,0,0.2,0.1,0.05,0.1,0.15,0.1,0.1
"https://github.com/AchalStark/Athena-AI","ok",0.2,0.15,0.05,0.1,0.1,0.05,0.08,0,0,0.1,0.1,0.02,0.05,0.15,0.05,0.1
"https://github.com/23f3003905/tds-bonus-project-LLM-Agent","ok",0.2,0.15,0,0.1,0.08,0.04,0.05,0,0.07,0.1,0.08,0.02,0.05,0.1,0.05,0.1
"https://github.com/YashSinha047/llm-agent-poc","ok",0.2,0.15,0.1,0.1,0.1,0.05,0.15,0,0.15,0.2,0.1,0.02,0.08,0.15,0.1,0.05
"https://github.com/23f2001281/LLM-Agent","ok",0.2,0.15,0,0.1,0.08,0.03,0.04,0,0,0.15,0.08,0.02,0.03,0.1,0.05,0.1
"https://github.com/24f2002666/tds-bonus-LLM-Agent","ok",0.2,0.15,0.05,0.1,0.09,0.04,0.05,0,0,0.1,0.09,0.03,0.03,0.12,0.1,0.1
"https://github.com/sameerthakur6780/LLM-Agent","ok",0.2,0.15,0,0.1,0.1,0.04,0.04,0.05,0,0.1,0.1,0.03,0.05,0.12,0.1,0.1
"https://github.com/S1mple020405/LLM-AGENT","ok",0.2,0.15,0,0.1,0.09,0.05,0.04,0,0,0.1,0.08,0.03,0.05,0.1,0.05,0.1
"https://github.com/S1mple020405/LLM-AGENT","ok",0.2,0.15,0,0.1,0.09,0.05,0.04,0,0,0.1,0.08,0.03,0.05,0.1,0.05,0.1
"https://github.com/Shreya-agr09/Browser-Based-Multi-Tool-Reasoning","ok",0.1,0.15,0.1,0.1,0.08,0.05,0.15,0,0,0,0.08,0.02,0.05,0.15,0.08,0.07
"https://github.com/Dec-Canopus/tds_bonus_llm_agent","ok",0.2,0.15,0.1,0.1,0.1,0.04,0.15,0.1,0.15,0.2,0.1,0.03,0.08,0.08,0.05,0.1
"https://github.com/Dec-Canopus/tds_bonus_llm_agent","ok",0.2,0.15,0.1,0.1,0.1,0.04,0.15,0.1,0.15,0.2,0.1,0.03,0.08,0.08,0.05,0.1
"https://github.com/harshBoii/Browser_agent","ok",0.2,0,0,0.1,0.1,0.03,0.04,0.1,0,0.2,0.1,0.03,0.1,0.15,0.1,0.05
"https://github.com/yashveer8055/tds-bonus-1","ok",0.2,0.15,0,0.1,0.09,0.04,0.04,0,0,0.1,0.08,0.03,0.07,0.1,0.05,0.09
"https://github.com/yaaashhh725/Browser_LLM_Agent","ok",0.2,0.15,0,0.1,0.1,0.05,0.04,0.05,0,0.1,0.1,0.03,0.05,0.15,0.1,0.1
"https://github.com/yashveer8055/tds-bonus-1","ok",0.2,0.15,0,0.1,0.09,0.04,0.04,0,0,0.1,0.08,0.03,0.07,0.1,0.05,0.09
"https://github.com/Pratibha-Chauhan-git/TDS-LLMAgent","ok",0.2,0.15,,,,,0.04,0,,0.1,,,,,0.1,
"https://github.com/23f2005593/Bonus-Project-2","ok",0.2,0.15,0,0.1,0.1,0.05,0.04,0.05,0,0.1,0.08,0.03,0.07,0.15,0.1,0.1
"https://github.com/Jatinbhardwaj-093/llm-agent","ok",0.2,0.15,0,0.1,0.1,0.05,0.08,0,0,0.1,0.1,0.04,0.05,0.12,0.1,0.1
"https://github.com/Armaanrai0710/tds-llm-agent","ok",0.1,0.15,0,0.1,0.08,0.05,0,0,0,0.05,0.08,0.02,0.05,0.1,0.05,0.1
"https://github.com/SamarthIITM/TDS-LLM-project","ok",0.2,0.15,0,0.1,0.1,0.05,0.04,0.05,0,0.1,0.1,0.03,0.07,0.1,0.1,0.1
"https://github.com/ananyap-codes/llm-agent","ok",0.2,0.15,,,,,0.15,0.1,,0.2,,,,,0.1,
"https://github.com/sandeepstele/llm-agent","ok",0.2,0.15,0,0.1,0.1,0.05,0.08,0.05,0,0.1,0.1,0.05,0.05,0.1,0.1,0.1
"https://github.com/23F3002351/LLM_Agent","ok",0.2,0.15,0.1,0.1,0.1,0.05,0.15,0.2,0,0.2,0.1,0.05,0.08,0.15,0.1,0.1
"https://github.com/Atharva170505/tds-bonus-project-LLM-Agent","ok",0.2,0.15,0,0.1,0.1,0.05,0,0,0,0.1,0.08,0.03,0.05,0.15,0.05,0.1
"https://github.com/Prach2004/TDS-LLM-agent","ok",0.2,0.15,0,0.1,0.09,0.04,0,0,0,0.1,0.09,0.03,0.05,0.12,0.1,0.1
"https://github.com/Anirudhan-23f2000533/LLM-Agent-TDS","ok",0.2,0.15,0,0.1,0.1,0.05,0.04,0.05,0,0.1,0.1,0.03,0.05,0.1,0.1,0.1
"https://github.com/Sam15246/llm_agent_data_science_project","ok",0.2,0.15,0.1,0.1,0.1,0.05,0.15,0.2,0,0.2,0.1,0.05,0.1,0.15,0.1,0.1
"https://github.com/THEPETTA/TDS-LLM-Agent","ok",0.2,0.15,0,0.1,0.1,0.04,0.08,0,0,0.1,0.09,0.03,0.07,0.12,0.1,0.1
"https://github.com/hanaiitm/TDS-Bonus-Project---LLM-Agent.git","ok",0.2,0.15,0,0.1,0.1,0.05,0.04,0,0,0.1,0.1,0.03,0.05,0.1,0.1,0.1
"https://github.com/Kanha0311/TDS_BonusP2_LLM_Agent","ok",0.2,0.15,0,0.1,0.08,0.04,0,0,0,0.1,0.08,0.03,0.06,0.1,0.05,0.1
"https://github.com/Prach2004/TDS-LLM-agent","ok",0.2,0.15,0,0.1,0.09,0.04,0,0,0,0.1,0.09,0.03,0.05,0.12,0.1,0.1
"https://github.com/CoderDotPy/tds_bp_llm","ok",0,0.08,0,0.1,0.07,0.03,0.04,0.1,0,0,0.08,0.03,0.05,0.15,0.1,0.05
"https://github.com/22f3000162/llm_agent","ok",0.1,0.15,0.1,0.1,0.1,0.05,0.15,0,0,0.2,0.1,0.03,0.05,0.15,0.1,0.1
"https://github.com/23f3004315/nexus","ok",0.2,0.15,0,0.1,0.1,0.05,0.15,0.2,0,0.2,0.08,0.03,0.08,0.12,0.1,0.1
"https://github.com/22f2000506/tds_llm_agents_bonus","ok",0.2,0.15,0,0.1,0.09,0.05,0,0,0,0.1,0.09,0.02,0.05,0.1,0.1,0.1
"https://github.com/23f2001951/TDS_Bonus_LLM","ok",0.2,0.15,0,0.1,0.09,0.05,0.04,0.05,0,0.1,0.09,0.03,0.06,0.08,0.1,0.1
"https://github.com/Surya-prakash-pareek/llm-agent-main","ok",0.2,0.12,0,0.1,0.08,0.05,0.08,0,0,0.1,0.09,0.02,0.05,0.12,0.1,0.1
"https://github.com/Ritesh24f1001677/LLM_AGENT","ok",0.2,0.15,0.1,0.1,0.1,0.05,0.15,0.2,0,0.2,0.1,0.05,0.1,0.15,0.1,0.1
"https://github.com/darshanganatra01/bhargavubonus","ok",0,0.15,0,0.05,0.09,0.05,0,0,0,0,0.09,0.05,0.08,0.15,0,0.08
"https://github.com/darshanganatra01/bhargavubonus","ok",0,0.15,0,0.05,0.09,0.05,0,0,0,0,0.09,0.05,0.08,0.15,0,0.08
"https://github.com/darshanganatra01/bhargavubonus","ok",0,0.15,0,0.05,0.09,0.05,0,0,0,0,0.09,0.05,0.08,0.15,0,0.08
"https://github.com/krishna9813/llm-agent-poc","ok",0.2,0.15,0.1,0.1,0.1,0.05,0.15,0.2,0.15,0.2,0.1,0.05,0.1,0.15,0.1,0.05
"https://llm-agent-716z.onrender.com/","invalid_url",,,,,,,,,,,,,,,,
"https://github.com/23f2003583/tds-llm-agent","ok",0.2,0.15,0,0.1,0.08,0.03,0.05,0,0,0.1,0.09,0.03,0.06,0.1,0.05,0.1
"https://github.com/poonma-01/Bonus-proj-LLM_Agent","ok",0.15,0.15,0,0.1,0.08,0.05,0.05,0,0,0.1,0.08,0.03,0.05,0.1,0.08,0.1
"https://github.com/vikas-48/llm","ok",0.2,0.15,0,0.1,0.1,0.05,0,0,0,0.1,0.1,0.03,0.05,0.1,0.1,0.1
"https://github.com/23f1002643/tds-bouns-llm_agent","ok",0.2,0.15,0,0.1,0.1,0.05,0.08,0.1,0,0.1,0.09,0.03,0.05,0.13,0.1,0.1
"https://github.com/Kunalcodetime/LLM-Agent","ok",0.2,0.15,0,0.1,0.08,0.05,0.08,0,0,0.1,0.1,0.03,0.05,0.15,0.1,0.1
"https://github.com/RajaadBS/LLM-Agent-TDS-BonusProject","ok",0.2,0.15,0,0.09,0.08,0.04,0.05,0,0,0.1,0.08,0.02,0.05,0.12,0.05,0.1
"https://llm-agent-black.vercel.app/","invalid_url",,,,,,,,,,,,,,,,
"https://github.com/23f2001565/LLm-agent","ok",0.2,0.15,0,0.1,0.08,0.05,0,0.05,0,0.1,0.09,0.03,0.05,0.1,0.1,0.1
"https://github.com/Rakesh27092003/LLM_agent","ok",0.2,0.15,0,0.1,0.1,0.04,0.04,0,0.08,0.1,0.09,0.03,0.05,0.12,0.05,0.1
"https://github.com/abhay300504/LLM-generator","ok",0.2,0.12,0,0.1,0.09,0.04,0.05,0,0,0.1,0.09,0.03,0.05,0.12,0.07,0.1
"https://github.com/tanyakamboj123/poc_work","ok",0.2,0.15,0.1,0.1,0.1,0.05,0.15,0.2,0,0.2,0.1,0.05,0.1,0.15,0.1,0.05
"https://github.com/23f1001003/LLM_agent","ok",0.2,0.15,0,0.1,0.08,0.05,0.04,0,0,0.1,0.08,0.02,0.05,0.1,0.1,0.1
"https://github.com/RishabKrPandey/LLM-Agent","ok",0.2,0.15,0,0.1,0.1,0.05,0,0,0,0.1,0.1,0.03,0.05,0.1,0.1,0.1
"https://github.com/22f3002843/TDS-bonus-LLM-AGENT","ok",0.2,0.15,0,0.1,0.09,0.04,0.04,0.05,0,0.1,0.08,0.03,0.05,0.1,0.1,0.1
"https://github.com/omrkoli/LLM--AGENT-","ok",0.2,0.15,0,0.1,0.09,0.04,0.04,0,0,0.1,0.08,0.02,0.05,0.1,0.05,0.09
"https://github.com/diya0016/llm_agent","ok",0.2,0.15,,,,,0.04,0,,0.1,,,,,0.1,
"https://github.com/Anshchopada11/TDS-BONUS-LLM","ok",0.2,0.15,0,0.1,0.1,0.05,0.04,0.05,0,0.1,0.1,0.04,0.08,0.12,0.1,0.1
"https://github.com/23f2003657/LAGENT","ok",0.2,0.15,0.1,0.1,0.1,0.05,0.15,0.2,0,0.1,0.1,0.05,0.09,0.15,0.05,0.09
"https://github.com/RutujaShinde-diploma/Bonus_Project2","ok",0.2,0.08,0.05,0.1,0.1,0.03,0.15,0,0,0.2,0.1,0.03,0.05,0.15,0.05,0.07
"https://github.com/VishwajithvinodkumarV/LLMAgent","ok",0.2,0.15,0,0.1,0.09,0.05,0,0,0,0.1,0.08,0.03,0.07,0.1,0.05,0.1
"https://github.com/23f2003797/llm_agent","ok",0.2,0.15,0,0.1,0.08,0.05,0.04,0,0,0.1,0.08,0.02,0.05,0.1,0.1,0.1
"https://github.com/Private-Aayansh/llm-agent-poc","ok",0.2,0.08,0,0.1,0.1,0.05,0.15,0.2,0,0.2,0.1,0.05,0.1,0.15,0.05,0.08
"https://github.com/Rishaby10/tds_bonus_project","ok",0.2,0.15,0,0.1,0.1,0.05,0.04,0,0,0.1,0.09,0.03,0.05,0.1,0.05,0.1
"https://llm-agent-neon.vercel.app/","invalid_url",,,,,,,,,,,,,,,,
"https://github.com/23f2001398/LLM_AGENT","ok",0.2,0.15,0.1,0.1,0.1,0.05,0.15,0.2,0,0.2,0.1,0.05,0.1,0.15,0.1,0.1
"https://github.com/technosrijan/tds-chat","ok",0.1,0.15,0.1,0.1,0.1,0.05,0.15,0.1,0,0.2,0.1,0.03,0.05,0.15,0.1,0.1
"https://github.com/23f2001398/LLM_AGENT","ok",0.2,0.15,0.1,0.1,0.1,0.05,0.15,0.2,0,0.2,0.1,0.05,0.1,0.15,0.1,0.1
"https://github.com/22f3001160/llm-agent-","ok",0.2,0.15,0,0.1,0.1,0.04,0.05,0,0,0.1,0.1,0.04,0.07,0.1,0.1,0.1
"https://github.com/voltackle67/llm-agent.github.io","ok",0.2,0.08,0.1,0.1,0.1,0.05,0.08,0,0.15,0.2,0.1,0.01,0.08,0.15,0.1,0.05
"https://github.com/23f1003139/TDS_Bonus_2.git","ok",0.2,0.15,0,0.1,0.09,0.05,0.08,0,0,0.1,0.08,0.03,0.05,0.12,0.1,0.1
"https://github.com/Divyanshusaini55/LLM-Agent","ok",0.2,0.15,0,0.1,0.1,0.04,0.05,0,0,0.1,0.1,0.03,0.05,0.1,0.1,0.1
"https://github.com/Sanjoli04/LLM_Agent","ok",0.2,0.15,0.1,0.1,0.1,0.05,0.15,0.2,0,0.2,0.1,0.05,0.1,0.15,0.1,0.1
"https://github.com/24f1000691/llm-agent.git","ok",0.2,0.15,,,,,0.04,0.05,,0.1,,,,,0.1,
"https://github.com/echo-ishan/tds_browser_llm","ok",0.2,0.15,0.1,0.1,0.1,0.05,0.15,0.1,0.15,0.2,0.1,0.02,0.1,0.15,0.1,0.07
"https://github.com/akshitagarg19/LLM-agent","ok",0.2,0.12,0,0.1,0.1,0.05,0.04,0,0,0.1,0.08,0.03,0.05,0.15,0.1,0.1
"https://github.com/prateek8973/LLM_Browser_Agent.git","ok",0.2,0.15,0.1,0.1,0.1,0.05,0.15,0.2,0.15,0.2,0.1,0.05,0.08,0.15,0.1,0.05
"https://github.com/Manish-IITMadras/llm-agent","ok",0.2,0.15,0,0.1,0.08,0.05,0.08,0,0,0.1,0.08,0.02,0.05,0.1,0.1,0.1
"https://github.com/22f1000828/LLM-Agent","ok",0.2,0.15,0,0.1,0.09,0.04,0.04,0.05,0,0.1,0.08,0.02,0.05,0.12,0.1,0.1
"https://github.com/DivyaPrea/LLM-Agent-TDS-Bonus-Project","ok",0.2,0.15,0,0.1,0.1,0.05,0.08,0.1,0,0.1,0.1,0.04,0.05,0.12,0.1,0.1
"https://github.com/nparashar30/bonustds/blob/main/agent.js","ok",0.2,0.15,0.1,0.1,0.1,0.05,0.15,0.2,0,0.2,0.1,0.05,0.1,0.15,0.1,0.1
"https://github.com/Akashog123/LLM_Agent","ok",0.1,0.15,0.1,0.1,0.08,0.04,0.15,0,0,0.2,0.08,0.04,0.05,0.12,0.1,0.1
"https://github.com/floatingmachine/llm-agent","ok",0.2,0.15,0.05,0.1,0.1,0.05,0.08,0,0,0.1,0.1,0.03,0.05,0.1,0.05,0.1
"https://github.com/23f2004905/tds-llm","ok",0.2,0.15,0,0.1,0.08,0.04,0.08,0,0,0.1,0.08,0.03,0.05,0.1,0.05,0.08
"https://llm-agent-gold.vercel.app/","invalid_url",,,,,,,,,,,,,,,,
"https://github.com/shreya-pal/LLMAgent","ok",0.2,0.15,0,0.1,0.09,0.05,0.08,0,0,0.1,0.09,0.03,0.05,0.12,0.1,0.1
"https://github.com/Jatinyadav-07/LLM-Agent","ok",0.2,0.15,0,0.1,0.1,0.05,0.08,0,0,0.1,0.1,0.04,0.05,0.12,0.1,0.1
"https://github.com/charmika-6/TDS_LLM_project.git","ok",0.2,0.15,0,0.1,0.1,0.05,0.08,0,0,0.1,0.1,0.05,0.05,0.1,0.1,0.1
"https://llm-agent-4cwoknnde-23f3004293s-projects.vercel.app/","invalid_url",,,,,,,,,,,,,,,,
"https://github.com/23f3000137/Professional-LLM-Agent.git","ok",0.1,0,0.1,0.1,0.07,0.05,0.15,0,0,0.2,0.1,0.03,0.1,0.15,0.05,0.05
"https://github.com/Jatinyadav-07/LLM-Agent","ok",0.2,0.15,0,0.1,0.1,0.05,0.08,0,0,0.1,0.1,0.04,0.05,0.12,0.1,0.1
"https://github.com/Mokshada-N/LLM-AGENT-PROOF-OF-CONCEPT","ok",0.2,0.15,,,,,0.15,0.1,,0.2,,,,,0.1,
"https://github.com/SiddhanthMuragundi/LLM-Agent-Proof-of-Concept-POC-Browser-Based-Multi-Tool-Reasoning","ok",0.2,0.15,0.1,0.1,0.1,0.05,0.15,0.2,0,0.2,0.1,0.05,0.08,0.12,0.1,0.08
"https://github.com/sriram5156689/llm-agent","ok",0.2,0.15,0,0.1,0.1,0.05,0.08,0,0,0.1,0.1,0.02,0.05,0.12,0.1,0.1
"https://github.com/Suhanithakur1/llm-agent","ok",0.2,0.15,0,0.1,0.1,0.04,0.08,0,0,0.1,0.09,0.03,0.05,0.1,0.1,0.1
"https://github.com/AI-MANIAC007/TDS-LLM-Agent","ok",0.2,0.15,0,0.1,0.07,0.04,0.15,0.1,0,0.2,0.1,0,0.07,0.15,0.1,0.03
"https://24ds3000008.github.io/tds-extra-llm-bonus/","invalid_url",,,,,,,,,,,,,,,,
"https://github.com/shekhar2024/TDS_LLM","ok",0.2,0.15,0,0.1,0.1,0.05,0.08,0,0,0.1,0.1,0.03,0.05,0.1,0.05,0.1
"https://github.com/kriticrand/LLM-Agent","ok",0.2,0.15,0,0.1,0.08,0.05,0.05,0,0,0.1,0.08,0.02,0.05,0.1,0.05,0.1
"https://rohitvarma1128.github.io/tds-bonus-assignment/","invalid_url",,,,,,,,,,,,,,,,
"https://github.com/ritu-nandhan-7/LLM","ok",0.2,0.15,0.1,0.1,0.1,0.05,0.15,0.2,0,0.2,0.1,0.05,0.1,0.15,0.1,0.1
"https://github.com/Abhimanyu1909/llm_agent","ok",0.2,0.15,0,0.1,0.1,0.04,0.08,0,0,0.1,0.1,0.03,0.05,0.15,0.05,0.1
"https://github.com/tunafishhyyyy/LLMAgent_POC","ok",0.1,0.15,0.1,0.1,0.1,0.05,0.15,0.1,0,0.2,0.1,0.03,0.1,0.15,0.1,0.05
"https://github.com/22f3000196/TDS-Project-3","ok",0.18,0.15,0,0.1,0.1,0.05,0.08,0,0,0.06,0.1,0.04,0.08,0.12,0.1,0.1
"https://github.com/SpandanBhoiIITM/SlideForge-AI-Powered-Presentation-Generator","ok",0,0,,,,,0,0,,0,,,,,0.05,
"https://github.com/shubhamrazzsharmao/LLM-Agent","ok",0.2,0.15,0.1,0.1,0.1,0.05,0.15,0.2,0,0.2,0.1,0.05,0.1,0.15,0.1,0.1
"https://llm-agent-k3cgp8guk-girishs-projects-c052a4b0.vercel.app/","invalid_url",,,,,,,,,,,,,,,,
"https://github.com/anonymous-new-user/XEN_AI","ok",0.2,0.15,0,0.1,0.1,0.05,0,0,0,0.1,0.1,0.03,0.05,0.15,0.1,0.1
"https://github.com/22f3000305/TDS-PROJECT-3","ok",0.2,0.15,0,0.1,0.1,0.05,0.04,0.05,0,0,0.1,0.03,0.05,0.08,0.1,0.1
"https://github.com/saakshiwagh/LLM-agent","ok",0.2,0.15,0,0.1,0.08,0.05,0.08,0,0,0.1,0.08,0.03,0.05,0.1,0.05,0.09
"https://github.com/23f3001837/LLM-agent","ok",0.2,0.15,0,0.1,0.1,0.04,0.05,0,0,0.1,0.09,0.04,0.05,0.1,0.05,0.1
"https://github.com/anonymous-new-user/XEN_AI","ok",0.2,0.15,0,0.1,0.1,0.05,0,0,0,0.1,0.1,0.03,0.05,0.15,0.1,0.1
"https://github.com/22f3000525/LLM-Agent","ok",0.2,0.15,0.1,0.1,0.1,0.05,0.15,0.2,0,0.2,0.1,0.05,0.1,0.15,0.1,0.08
"https://github.com/22f3001367/tds-bonus-llm","ok",0.1,0.15,0.1,0.1,0.1,0.05,0.15,0,0,0.2,0.1,0.03,0.08,0.15,0.08,0.1
"https://github.com/SarthakN13/22f3002492-Bonus-Project-Tds-LLM","ok",0.2,0.15,0.05,0.1,0.09,0.05,0.08,0,0,0.1,0.08,0.03,0.05,0.12,0.05,0.1
"https://github.com/tunafishhyyyy/LLMAgent_POC","ok",0.1,0.15,0.1,0.1,0.1,0.05,0.15,0.1,0,0.2,0.1,0.03,0.1,0.15,0.1,0.05
"https://github.com/23f3000046/TDS-Bonus-LLM-Agent","ok",0.2,0.15,0,0.1,0.09,0.04,0.08,0.05,0,0.1,0.09,0.04,0.05,0.1,0.05,0.1
"None","invalid_url",,,,,,,,,,,,,,,,
"https://github.com/omrkoli/LLM--AGENT-.git","ok",0.2,0.15,0,0.1,0.09,0.04,0.04,0,0,0.1,0.08,0.02,0.05,0.1,0.05,0.09
"https://github.com/omrkoli/LLM--AGENT-.git","ok",0.2,0.15,0,0.1,0.09,0.04,0.04,0,0,0.1,0.08,0.02,0.05,0.1,0.05,0.09
"https://github.com/Vic-33/LLM-Agent.git","ok",0.1,0.08,0,0.1,0.08,0.04,0.04,0,0,0.05,0.09,0.02,0.05,0.12,0.05,0.08
"https://github.com/23f2003874/LLM_Agent","ok",0.2,0.15,0.1,0.1,0.1,0.05,0.15,0.2,0,0.2,0.1,0.05,0.1,0.15,0.1,0.08
"https://github.com/23f3001222/LLM_Agent","ok",0.2,0.15,0.1,0.1,0.1,0.05,0.15,0.2,0,0.2,0.1,0.03,0.05,0.15,0.1,0.08
"https://github.com/guruizm-IITM/LLM-Agent","ok",0.2,0.15,0,0.1,0.08,0.05,0.08,0,0,0.1,0.08,0.03,0.05,0.1,0.1,0.1
"https://github.com/Tejagitshanmukh/tds-llm-assignment-bonus","ok",0.2,0.15,0,0.1,0.09,0.04,0.08,0,0,0.1,0.08,0.03,0.05,0.1,0.05,0.1
"https://github.com/23f2000638/Bonus__project_2","ok",0.18,0.13,0,0.1,0.09,0.04,0.05,0.05,0,0.1,0.08,0.02,0.07,0.12,0.07,0.1
"https://github.com/22f3000388/llm-agent","ok",0.2,0.15,0.05,0.1,0.1,0.05,0.04,0,0,0.1,0.1,0.03,0.05,0.1,0.1,0.1
"https://github.com/22f1001281/LLM-agent","ok",0.2,0.15,0,0.1,0.1,0.05,0.04,0,0,0.1,0.08,0.03,0.05,0.1,0.1,0.1
"https://github.com/SiddhanthMuragundi/LLM-Agent-Proof-of-Concept-POC-Browser-Based-Multi-Tool-Reasoning","ok",0.2,0.15,0.1,0.1,0.1,0.05,0.15,0.2,0,0.2,0.1,0.05,0.08,0.12,0.1,0.08
"https://github.com/Tejasvi-A/TDS-LLM","ok",0.2,0.15,0,0.1,0.1,0.05,0.08,0,0,0.1,0.1,0.03,0.06,0.1,0.1,0.1
"https://github.com/23f2000400/LLM-agent","ok",0.2,0.15,0,0.1,0.1,0.04,0.08,0,0,0.1,0.1,0.03,0.05,0.12,0.05,0.1
"https://github.com/NemesisVader/LLM","ok",0.2,0.15,0.1,0.1,0.1,0.05,0.15,0,0,0.15,0.1,0.03,0.05,0.15,0.1,0.09
"https://github.com/ArnavLabh/LLM-Agent-POC","ok",0.2,0.15,0,0.1,0.1,0.05,0.05,0,0,0.2,0.1,0.05,0.1,0.05,0.1,0.1
"https://github.com/Aryanjain2828/tds_bonus.git","ok",0.2,0.15,0.1,0.1,0.1,0.05,0.15,0.2,0,0.2,0.1,0.03,0.05,0.15,0.1,0.1
"https://github.com/23f3004053/AIGENTDSPROJECT","ok",0.2,0.15,0,0.1,0.08,0.05,0.04,0,0,0.1,0.1,0.03,0.05,0.1,0.1,0.1
"https://github.com/NipunIITM/LLM-AGENT","ok",0.2,0.15,0,0.1,0.08,0.05,0.08,0,0,0.1,0.08,0.03,0.05,0.1,0.1,0.1
"https://github.com/Nicia25/LLM-Agent-Proof-of-Concept-POC-","ok",0.2,0.15,0,0.1,0.1,0.04,0.08,0,0,0.1,0.08,0.03,0.05,0.1,0.1,0.1
"https://github.com/AvraCodes/LLM-Agent","ok",0.1,0.15,,,,,0.15,0,,0.2,,,,,0.05,
"https://github.com/22f3002319/tds-bonus-project-LLM-Agent","ok",0.2,0.15,0,0.1,0.1,0.04,0.08,0.1,0,0.1,0.09,0.03,0.05,0.12,0.1,0.1
"https://github.com/23f1000839/LLM-project","ok",0.2,0.15,0,0.1,0.1,0.05,0.04,0.1,0,0.1,0.1,0.03,0.05,0.1,0.1,0.1
"https://github.com/MuthuPeru/LLM_Agent","ok",0.2,0.15,0.1,0.1,0.1,0.05,0.15,0.2,0,0.2,0.1,0.05,0.1,0.15,0.1,0.05
"https://github.com/shri1707/Q1/tree/main","ok",0.2,0.15,0.1,0.1,0.08,0.04,0.15,0,0,0.15,0.08,0.02,0.05,0.15,0.1,0.08
"https://github.com/ritwiktrivedi/llm-agent-poc","ok",0.2,0.15,0.1,0.1,0.1,0.03,0.15,0,0,0.2,0.09,0.02,0.06,0.15,0.1,0.05
"https://github.com/22f3002319/tds-bonus-project-LLM-Agent","ok",0.2,0.15,0,0.1,0.1,0.04,0.08,0.1,0,0.1,0.09,0.03,0.05,0.12,0.1,0.1
"https://github.com/Poojita-A/TDS-LLM","ok",0.2,0.15,0,0.1,0.08,0.05,0,0.05,0,0.1,0.08,0.03,0.05,0.1,0.1,0.1
"https://github.com/jaideepm0/llm_agent","ok",0.1,0.15,0.1,0.1,0.1,0.04,0.15,0,0,0.2,0.09,0.03,0.06,0.15,0.1,0.1
"https://github.com/22f3003053/llm-generator","ok",0.2,0.15,0,0.1,0.1,0.05,0.05,0,0,0.1,0.1,0.03,0.05,0.12,0.1,0.1
"https://github.com/22f3002319/tds-bonus-project-LLM-Agent","ok",0.2,0.15,0,0.1,0.1,0.04,0.08,0.1,0,0.1,0.09,0.03,0.05,0.12,0.1,0.1
"https://github.com/Muthu2897/Browser-Based-Multi-Tool-Reasoning","ok",0.2,0.08,0.1,0.1,0.08,0.05,0.15,0,0,0.2,0.09,0.03,0.05,0.15,0.1,0.07
"https://github.com/JosenPioPeter/bp_llmagent_deck","ok",0,0.15,0,0.05,0.1,0.05,0,0,0,0,0.1,0.04,0.08,0.12,0.05,0.1
"https://github.com/Shriraman-Narayanan/browser-js","ok",0.2,0.15,0.1,0.1,0.1,0.05,0.15,0,0,0.1,0.1,0.03,0.07,0.15,0.1,0.05
"https://github.com/22f3002886/LLM-Agent-","ok",0.2,0.15,0,0.1,0.09,0.03,0.08,0,0,0.1,0.09,0.03,0.03,0.08,0.1,0.09
"https://github.com/23f1002103/llm_agent","ok",0.2,0.08,0.1,0.1,0.1,0.05,0.15,0.1,0,0.2,0.1,0.02,0.1,0.15,0.1,0.1
"https://github.com/Autumn-Zephyr/TDS_Bonus_Project-1","ok",0.2,0.15,0.1,0.1,0.1,0.05,0.15,0.1,0,0.2,0.1,0.04,0.05,0.15,0.1,0.1
"https://github.com/Vivek-kumar3011/PQ2","ok",0.2,0.08,0.1,0.1,0.1,0.05,0.15,0.2,0,0.2,0.1,0.03,0.1,0.15,0.1,0.08
"https://github.com/raghav2020sharma/llm-agent","ok",0.1,0.15,0,0.1,0.1,0.05,0.04,0,0,0.1,0.1,0.02,0.05,0.1,0.05,0.1
"https://github.com/Ritika-Budhiraja/tds-bonus-project.git","ok",0.2,0.15,0.05,0.1,0.1,0.05,0.04,0,0.08,0.2,0.1,0,0.05,0.1,0.1,0.1
"https://github.com/goodcoder479/LLMAgent","ok",0.2,0.15,,,,,0.15,0.2,,0.2,,,,,0.1,
"https://github.com/23f2001398/LLM-Agent","ok",0.2,0.15,0,0.1,0.08,0.04,0,0,0,0.1,0.08,0.02,0.05,0.12,0.1,0.1
"https://github.com/23f2003040/LLM-Agent","ok",0.2,0.15,0,0.1,0.1,0.05,0.04,0,0,0.1,0.1,0.03,0.05,0.1,0.1,0.1
"https://github.com/23f1000805/tds-bonus-project-LLM-Agent","ok",0.2,0.15,0,0.1,0.08,0.04,0.04,0,0,0.1,0.08,0.04,0.05,0.12,0.1,0.1
"https://github.com/23ds3000074/LLM-agent","ok",0.2,0.15,0,0.1,0.08,0.04,0,0,0,0.1,0.09,0.03,0.03,0.1,0.05,0.1
"https://github.com/Sawarnshivam/LLM_agent2.git","ok",0.2,0.15,0,0.1,0.1,0.05,0.08,0,0,0.1,0.1,0.03,0.05,0.12,0.05,0.1
"https://llm-agent-git-main-heyitsgautham-gmailcoms-projects.vercel.app/","invalid_url",,,,,,,,,,,,,,,,
"NA","invalid_url",,,,,,,,,,,,,,,,
"https://github.com/23f2005397/LLM-Agent","ok",0.2,0.15,0,0.1,0.1,0.04,0.08,0,0,0.1,0.09,0.03,0.05,0.08,0.1,0.1
"https://github.com/23f2005397/LLM-Agent","ok",0.2,0.15,0,0.1,0.1,0.04,0.08,0,0,0.1,0.09,0.03,0.05,0.08,0.1,0.1
"https://github.com/HetanshiBhatt/llm-agent","ok",0.2,0.15,0,0.1,0.1,0.05,0.08,0.1,0,0.1,0.1,0.03,0.05,0.1,0.05,0.1
"https://github.com/23f2003995/TdsLLMagent","ok",0.2,0.15,0,0.1,0.1,0.05,0.05,0,0,0.1,0.1,0.03,0.05,0.1,0.1,0.1
"https://github.com/PiyushDuggal-source/bonus-tds-p2","ok",0.2,0.15,0,0.1,0.09,0.04,0.08,0,0,0.1,0.08,0.03,0.06,0.08,0.05,0.08
"https://github.com/KAS4453/tds-bonus-2","ok",0.2,0.15,0,0.1,0.1,0.04,0.04,0,0,0.1,0.08,0.02,0.05,0.1,0.1,0.08
"https://github.com/23f1000917/llm-agent","ok",0.2,0.15,0,0.1,0.1,0.05,0.08,0,0,0.1,0.09,0.03,0.05,0.1,0.1,0.1
"https://github.com/23f3003877/POC","ok",0.2,0.15,0.1,0.1,0.09,0.04,0.15,0.1,0,0.2,0.1,0.04,0.05,0.12,0.05,0.07
"https://github.com/riya360-arch/LLM_Agent_","ok",0.2,0.15,0,0.1,0.09,0.05,0.05,0,0,0.1,0.08,0.03,0.05,0.15,0.1,0.1
"https://github.com/Ha-rini/LLM_agent_poc.git","ok",0.2,0.15,0.1,0.1,0.1,0.05,0.15,0.1,0,0.2,0.1,0.05,0.1,0.15,0.1,0.1
"https://github.com/KAS4453/tds-bonus-2","ok",0.2,0.15,0,0.1,0.1,0.04,0.04,0,0,0.1,0.08,0.02,0.05,0.1,0.1,0.08
"https://github.com/riddhimr/TDS-LLM-AGENT","ok",0.2,0.15,0,0.1,0.1,0.05,0.04,0,0,0.1,0.1,0.03,0.05,0.15,0.1,0.1
"https://github.com/23f1000917/llm-agent","ok",0.2,0.15,0,0.1,0.1,0.05,0.08,0,0,0.1,0.09,0.03,0.05,0.1,0.1,0.1
"https://tds-bonus-project-llm-agent-main.vercel.app/","invalid_url",,,,,,,,,,,,,,,,
"https://github.com/Mr-GauravKumar/LLM_Agent_Bonus_Proj","ok",0.2,0.15,0,0.1,0.1,0.04,0.08,0,0,0.1,0.09,0.03,0.05,0.12,0.05,0.1
"https://github.com/Sumittguptaa14/LLM-Agent","ok",0.2,0.15,0,0.1,0.1,0.04,0.04,0,0,0.1,0.08,0.03,0.08,0.1,0.05,0.1
"https://github.com/Shi-pra-19/llm","ok",0.1,0.15,0.1,0.1,0.1,0.05,0.15,0.1,0,0.2,0.1,0.03,0.05,0.15,0.1,0.1
"https://github.com/riya360-arch/LLM_Agent_","ok",0.2,0.15,0,0.1,0.09,0.05,0.05,0,0,0.1,0.08,0.03,0.05,0.15,0.1,0.1
"https://github.com/23f1000917/llm-agent","ok",0.2,0.15,0,0.1,0.1,0.05,0.08,0,0,0.1,0.09,0.03,0.05,0.1,0.1,0.1
"https://github.com/Amirthevarshini08/js-llm-agent-poc","ok",0.2,0.08,0.1,0.1,0.08,0.03,0.08,0.1,0.15,0.2,0.05,0.01,0.06,0.15,0.1,0.07
"https://github.com/SidhaarthShree07/neural-link","ok",0.2,0.15,0,0.1,0.1,0.05,0.08,0.1,0,0.1,0.1,0.03,0.05,0.1,0.1,0.1
"https://github.com/SamarupBhattacharya/TDS_LLM_Agent","ok",0.2,0.15,0.07,0.1,0.08,0.05,0.04,0,0,0,0.08,0,0.05,0.15,0.05,0.05
"https://tds-bonus-project-llm-agent-h03rqrwge-varshitha7777s-projects.vercel.app/?utm_source=chatgpt.com","invalid_url",,,,,,,,,,,,,,,,
"https://github.com/Shi-pra-19/llm","ok",0.1,0.15,0.1,0.1,0.1,0.05,0.15,0.1,0,0.2,0.1,0.03,0.05,0.15,0.1,0.1
"https://github.com/23f1001876/tds-llm-agent","ok",0.2,0.15,0,0.1,0.09,0.04,0.04,0,0,0.1,0.08,0.02,0.06,0.1,0.1,0.1
"https://github.com/23f2000257/LLM_Agent","ok",0.2,0.15,0,0.1,0.09,0.05,0.04,0.05,0,0.1,0.08,0.03,0.05,0.12,0.05,0.1
"https://github.com/tanmaypatil1311/llm.git","ok",0.2,0.15,0.1,0.1,0.1,0.05,0.15,0,0,0.2,0.1,0.03,0.08,0.15,0.1,0.08
"https://github.com/lovepreet223/llm-agent","ok",0.2,0.15,0,0.1,0.08,0.05,0.04,0,0,0.1,0.08,0.03,0.05,0.1,0.05,0.1
"https://github.com/22f3000808/LLM-Agent/","ok",0.2,0.15,0,0.1,0.08,0.04,0.08,0,0,0.1,0.08,0.02,0.05,0.1,0.1,0.1
"https://github.com/lovepreet223/llm-agent","ok",0.2,0.15,0,0.1,0.08,0.05,0.04,0,0,0.1,0.08,0.03,0.05,0.1,0.05,0.1
"https://github.com/Shivam-Brahmkshatriya/TDS-Extra-LLM-Agent","ok",0.2,0.15,0,0.1,0.1,0.03,0.08,0,0,0.1,0.1,0.03,0.05,0.1,0.1,0.1
"https://github.com/Shi-pra-19/llm","ok",0.1,0.15,0.1,0.1,0.1,0.05,0.15,0.1,0,0.2,0.1,0.03,0.05,0.15,0.1,0.1
"https://github.com/22f3000694/LLM-Agent","ok",0.1,0.15,0.1,0.1,0.1,0.05,0.15,0.1,0,0.2,0.1,0.03,0.05,0.15,0.05,0.1
"https://github.com/Rashi1015/LLM-Agent2","ok",0.2,0.15,0,0.1,0.08,0.03,0.04,0,0,0.1,0.09,0.03,0.05,0.12,0.1,0.1
"https://vercel.com/saurabh12-indias-projects/llm-project-m2ze","invalid_url",,,,,,,,,,,,,,,,
"https://github.com/SakshamBindal07/tds-llm-agent","ok",0.2,0.15,0,0.1,0.09,0.04,0,0,0,0.1,0.09,0.03,0.05,0.1,0.1,0.1
"https://github.com/22f3000423/B2","ok",0,0.15,0,0.1,0.1,0.05,0,0,0,0,0.1,0.05,0.1,0.15,0.05,0.1
"https://agentmulti-o394ltl2d-neuralninja110s-projects.vercel.app/","invalid_url",,,,,,,,,,,,,,,,
"NA","invalid_url",,,,,,,,,,,,,,,,
"https://github.com/Subhash752/LLM","ok",0.15,0.15,0,0.1,0.09,0.04,0.04,0,0,0.1,0.09,0.03,0.05,0.12,0.1,0.1
"https://github.com/Raulragg/LLM-Agent","ok",0.2,0.15,0,0.1,0.1,0.04,0.08,0,0,0.1,0.1,0.04,0.05,0.12,0.1,0.1
"https://github.com/Raulragg/LLM-Agent","ok",0.2,0.15,0,0.1,0.1,0.04,0.08,0,0,0.1,0.1,0.04,0.05,0.12,0.1,0.1
"https://github.com/Amirthevarshini08/js-llm-agent-poc","ok",0.2,0.08,0.1,0.1,0.08,0.03,0.08,0.1,0.15,0.2,0.05,0.01,0.06,0.15,0.1,0.07
"https://github.com/sudhamjayanthi/omni-agent-playground.git","pending",,,,,,,,,,,,,,,,
"https://github.com/Rashi1015/LLM-Agent2","ok",0.2,0.15,0,0.1,0.08,0.03,0.04,0,0,0.1,0.09,0.03,0.05,0.12,0.1,0.1
"https://github.com/NeuralNinja110/Agentic-browser-multitool","ok",0.1,0.15,0.05,0.1,0.1,0.05,0.15,0.1,0,0.2,0.08,0.03,0.1,0.05,0.1,0.1
"https://github.com/githubcoder001/TDSBonus2","ok",0.2,0.15,0,0.1,0.1,0.05,0.04,0,0,0.1,0.1,0.03,0.08,0.15,0.1,0.1
"https://github.com/JSuyashRaj/LLM-Agent","ok",0.2,0.15,0,0.1,0.08,0.05,0,0,0,0.1,0.08,0.02,0.07,0.1,0.1,0.1
"https://github.com/aryabanda-iitm/tds-bonus","ok",0.2,0.15,0.1,0.1,0.1,0.05,0.15,0,0,0.2,0.09,0.03,0.05,0.15,0.1,0.08
"https://github.com/shreeramiitm/LLM-AGENT-POC-","ok",0.2,0.15,0,0.1,0.1,0.04,0.08,0,0,0.1,0.09,0.04,0.06,0.12,0.1,0.1
